feature,importance,std
bench_months_12m,5.055455171711909e-05,0.00028483047692857977
commute_minutes,0.0059967897888439925,0.0023771748875386083
compa_ratio,0.042274483990156944,0.00414088182098872
department,-6.774758894556587e-05,0.00017993075092466497
hiring_source,-0.0007814859941500218,0.0011424319074329829
last_rating,0.0035781951075305463,0.0005933884280249116
level_num,0.02816780128049281,0.006753936037987582
location,0.0002679512116055438,0.00011498697673827587
months_since_promotion,0.002164008796940986,0.001246715215555085
rating_change,0.0021215010701472136,0.0014243335646841873
salary_growth_24m,0.00922597257218436,0.003008781411612233
tenure_months,0.02616445269618144,0.002683157016265953
tenure_stage,0.005335332721820763,0.0006636235437991844
utilisation_3m,0.02698533820148983,0.001758794791725343
