decile,predicted,actual,employees
1,0.020951704685821162,0.017241379310344827,1624
2,0.03774195281623066,0.039433148490449786,1623
3,0.049324515825546124,0.04004929143561306,1623
4,0.06031507698320434,0.04436229205175601,1623
5,0.07143242079886641,0.06096059113300493,1624
6,0.08419143316844363,0.07085643869377696,1623
7,0.0994066595433928,0.08317929759704251,1623
8,0.11989190758331847,0.0973505853357979,1623
9,0.15070572314607364,0.1115218730745533,1623
10,0.2207705249988129,0.14470443349753695,1624
